id,firstName,lastName,role,team,email,password
0,Ned,zero,planner,1,test@test.com,test
2,Lindsay,West,designer,3,1@1.com,1
3,Nathan,Jenkins,planner,1,1@1.com,1
4,Christine,Harris,developer,4,1@1.com,1
5,Page,Adams,developer,2,1@1.com,1
6,Herbert,Ford,designer,5,1@1.com,1
7,Dennis,Marshall,planner,2,1@1.com,1
8,Isabella,Martin,developer,1,1@1.com,1
9,Alfred,Clarke,designer,4,1@1.com,1
10,Tyler,Philips,designer,5,1@1.com,1
11,Noelle,Holmes,planner,3,1@1.com,1
12,Kate,Owen,developer,1,1@1.com,1
13,Priscilla,Walker,developer,4,1@1.com,1
14,Shirley,Grant,developer,3,1@1.com,1
15,Byron,Barnes,designer,1,1@1.com,1
49,Simon,Henderson,designer,2,11@11.com,11
1,Isabella,Martin,developer,1,1@1.com,1
16,Byron,Barnes,designer,1,1@1.com,1
test,Ned,Butler,planner,1,test@test.com,test
17,Simon!!!,Henderson,designer,2,11@11.com,
newTest,Alfred,Clarke,designer,4,1@1.com,
19,Noelle,Holmes,planner,3,1@1.com,
20,ShirleyRE!!!!,Grant,developer,3,1@1.com,